[
	{
		"id" : 3,
		"name" : "Gerencia Regional de Desarrollo Social",
		"sigla" : "GRDS",
		"status" : 1,
		"created_at" : "2024-11-26 19:12:05",
		"updated_at" : "2024-11-26 19:12:05"
	},
	{
		"id" : 4,
		"name" : "Gerencia Regional Salud",
		"sigla" : "GRS",
		"status" : 1,
		"created_at" : "2024-11-26 19:12:05",
		"updated_at" : "2024-11-26 19:12:05"
	},
	{
		"id" : 6,
		"name" : "Gerencia Regional Educación Loreto",
		"sigla" : "GREL",
		"status" : 1,
		"created_at" : "2024-11-26 19:12:05",
		"updated_at" : "2024-11-26 19:12:05"
	},
	{
		"id" : 7,
		"name" : "Gerencia Regional del Ambiente",
		"sigla" : "GRA",
		"status" : 1,
		"created_at" : "2024-11-26 19:12:05",
		"updated_at" : "2024-11-26 19:12:05"
	},
	{
		"id" : 9,
		"name" : "Gerencia Regional de Desarrollo Forestal y Fauna Silvestre",
		"sigla" : "GRDFFS",
		"status" : 1,
		"created_at" : "2024-11-26 19:12:05",
		"updated_at" : "2024-11-26 19:12:05"
	},
	{
		"id" : 10,
		"name" : "Gerencia Regional de Transportes y Comunicaciones",
		"sigla" : "GRTC",
		"status" : 1,
		"created_at" : "2024-11-26 19:12:05",
		"updated_at" : "2024-11-26 19:12:05"
	},
	{
		"id" : 12,
		"name" : "Gerencia Regional de Infraestructura",
		"sigla" : "GRI",
		"status" : 1,
		"created_at" : "2024-11-26 19:12:05",
		"updated_at" : "2024-11-26 19:12:05"
	},
	{
		"id" : 13,
		"name" : "Gerencia Regional de Desarrollo Económico",
		"sigla" : "GRDE",
		"status" : 1,
		"created_at" : "2024-11-26 19:12:05",
		"updated_at" : "2024-11-26 19:12:05"
	},
	{
		"id" : 14,
		"name" : "Gerencia Regional de Desarrollo Agrario y Riego",
		"sigla" : "GRDAR",
		"status" : 1,
		"created_at" : "2024-11-26 19:12:05",
		"updated_at" : "2024-11-26 19:12:05"
	},
	{
		"id" : 15,
		"name" : "Gerencia Regional de Comercio Exterior y Turismo",
		"sigla" : "GRCET",
		"status" : 1,
		"created_at" : "2024-11-26 19:12:05",
		"updated_at" : "2024-11-26 19:12:05"
	},
	{
		"id" : 17,
		"name" : "Gerencia Regional de Planeamiento, Presupuesto e Inversión Pública",
		"sigla" : "GRPPEIP",
		"status" : 1,
		"created_at" : "2024-11-26 19:12:06",
		"updated_at" : "2024-11-26 19:12:06"
	},
	{
		"id" : 19,
		"name" : "Gerencia Regional de Seguridad Ciudadana",
		"sigla" : "GRSC",
		"status" : 1,
		"created_at" : "2024-11-26 19:12:06",
		"updated_at" : "2024-11-26 19:12:06"
	},
	{
		"id" : 22,
		"name" : "Gerencia Regional de Asuntos Indígenas",
		"sigla" : "GRAI",
		"status" : 1,
		"created_at" : "2024-11-26 19:12:06",
		"updated_at" : "2024-11-26 19:12:06"
	},
	{
		"id" : 24,
		"name" : "Sub Gerencia de Conservación y Diversidad Biológica",
		"sigla" : "SGCDB",
		"status" : 1,
		"created_at" : "2024-11-26 19:12:06",
		"updated_at" : "2024-11-26 19:12:06"
	},
	{
		"id" : 30,
		"name" : "Gerencia Regional de Recursos Humanos",
		"sigla" : "GRRH",
		"status" : 1,
		"created_at" : "2024-11-26 19:12:07",
		"updated_at" : "2024-11-26 19:12:07"
	},
	{
		"id" : 32,
		"name" : "Gerencia General Regional",
		"sigla" : "GGR",
		"status" : 1,
		"created_at" : "2024-11-26 19:12:07",
		"updated_at" : "2024-11-26 19:12:07"
	},
	{
		"id" : 35,
		"name" : "Gerencia Regional de Tecnología de la información",
		"sigla" : "GRTI",
		"status" : 1,
		"created_at" : "2024-11-26 19:12:07",
		"updated_at" : "2024-11-26 19:12:07"
	}
]